group,dimension,label,count,proportion
clean_train,category,data-processing,3,0.06976744186046512
clean_train,category,data-querying,1,0.023255813953488372
clean_train,category,data-science,1,0.023255813953488372
clean_train,category,debugging,4,0.09302325581395349
clean_train,category,file-operations,3,0.06976744186046512
clean_train,category,machine-learning,2,0.046511627906976744
clean_train,category,mathematics,2,0.046511627906976744
clean_train,category,personal-assistant,1,0.023255813953488372
clean_train,category,scientific-computing,4,0.09302325581395349
clean_train,category,security,2,0.046511627906976744
clean_train,category,software-engineering,15,0.3488372093023256
clean_train,category,system-administration,5,0.11627906976744186
clean_train,difficulty,easy,4,0.09302325581395349
clean_train,difficulty,hard,16,0.37209302325581395
clean_train,difficulty,medium,23,0.5348837209302325
clean_heldout,category,data-science,1,0.047619047619047616
clean_heldout,category,debugging,1,0.047619047619047616
clean_heldout,category,file-operations,2,0.09523809523809523
clean_heldout,category,machine-learning,1,0.047619047619047616
clean_heldout,category,mathematics,2,0.09523809523809523
clean_heldout,category,model-training,2,0.09523809523809523
clean_heldout,category,scientific-computing,3,0.14285714285714285
clean_heldout,category,security,3,0.14285714285714285
clean_heldout,category,software-engineering,5,0.23809523809523808
clean_heldout,category,system-administration,1,0.047619047619047616
clean_heldout,difficulty,hard,5,0.23809523809523808
clean_heldout,difficulty,medium,16,0.7619047619047619
clean64,category,data-processing,3,0.046875
clean64,category,data-querying,1,0.015625
clean64,category,data-science,2,0.03125
clean64,category,debugging,5,0.078125
clean64,category,file-operations,5,0.078125
clean64,category,machine-learning,3,0.046875
clean64,category,mathematics,4,0.0625
clean64,category,model-training,2,0.03125
clean64,category,personal-assistant,1,0.015625
clean64,category,scientific-computing,7,0.109375
clean64,category,security,5,0.078125
clean64,category,software-engineering,20,0.3125
clean64,category,system-administration,6,0.09375
clean64,difficulty,easy,4,0.0625
clean64,difficulty,hard,21,0.328125
clean64,difficulty,medium,39,0.609375
sealed21,category,data-science,5,0.23809523809523808
sealed21,category,games,1,0.047619047619047616
sealed21,category,model-training,2,0.09523809523809523
sealed21,category,optimization,1,0.047619047619047616
sealed21,category,scientific-computing,1,0.047619047619047616
sealed21,category,security,3,0.14285714285714285
sealed21,category,software-engineering,5,0.23809523809523808
sealed21,category,system-administration,3,0.14285714285714285
sealed21,difficulty,hard,7,0.3333333333333333
sealed21,difficulty,medium,14,0.6666666666666666
excluded_media,category,data-processing,1,0.25
excluded_media,category,data-science,1,0.25
excluded_media,category,software-engineering,1,0.25
excluded_media,category,video-processing,1,0.25
excluded_media,difficulty,hard,2,0.5
excluded_media,difficulty,medium,2,0.5
